{
    "version": 8,
    "name": "hillshade",
    "metadata": {
        "mapbox:autocomposite": true,
        "mapbox:type": "default",
        "mapbox:groups": {
            "1444855815295.714": {
                "name": "Hillshading",
                "collapsed": false
            },
            "0b4754005ac38b8fd7d12b098f3d9f9c": {
                "name": "water",
                "collapsed": true
            }
        },
        "mapbox:trackposition": true
    },
    "center": [
        -54.075813950610495,
        -1.4210854715202004e-13
    ],
    "zoom": 0.523561842689827,
    "bearing": 0,
    "pitch": 0,
    "light": {
        "intensity": 0.5
    },
    "sources": {
        "composite": {
            "url": "mapbox://mapbox.mapbox-terrain-v2,mapbox.mapbox-streets-v7",
            "type": "vector"
        }
    },
    "sprite": "mapbox://sprites/guardian/cj7bwy2c1aiwz2smktyoxxlia",
    "glyphs": "mapbox://fonts/guardian/{fontstack}/{range}.pbf",
    "layers": [
        {
            "id": "background",
            "type": "background",
            "layout": {
                "visibility": "none"
            },
            "paint": {
                "background-color": "#f5f5f5"
            }
        },
        {
            "id": "hillshade_highlight_bright",
            "type": "fill",
            "metadata": {
                "mapbox:group": "1444855815295.714"
            },
            "source": "composite",
            "source-layer": "hillshade",
            "maxzoom": 18,
            "filter": [
                "==",
                "level",
                94
            ],
            "layout": {
                "visibility": "visible"
            },
            "paint": {
                "fill-color": "#f4f4f4",
                "fill-opacity": 1
            }
        },
        {
            "id": "hillshade_highlight_med",
            "type": "fill",
            "metadata": {
                "mapbox:group": "1444855815295.714"
            },
            "source": "composite",
            "source-layer": "hillshade",
            "filter": [
                "==",
                "level",
                90
            ],
            "layout": {
                "visibility": "visible"
            },
            "paint": {
                "fill-color": "#ececec",
                "fill-opacity": 1
            }
        },
        {
            "id": "hillshade_shadow_faint",
            "type": "fill",
            "metadata": {
                "mapbox:group": "1444855815295.714"
            },
            "source": "composite",
            "source-layer": "hillshade",
            "maxzoom": 17,
            "filter": [
                "==",
                "level",
                89
            ],
            "layout": {
                "visibility": "visible"
            },
            "paint": {
                "fill-color": "#e5e5e5",
                "fill-opacity": 1
            }
        },
        {
            "id": "hillshade_shadow_med",
            "type": "fill",
            "metadata": {
                "mapbox:group": "1444855815295.714"
            },
            "source": "composite",
            "source-layer": "hillshade",
            "filter": [
                "==",
                "level",
                78
            ],
            "layout": {
                "visibility": "visible"
            },
            "paint": {
                "fill-color": "#dddddd",
                "fill-opacity": 1
            }
        },
        {
            "id": "hillshade_shadow_dark",
            "type": "fill",
            "metadata": {
                "mapbox:group": "1444855815295.714"
            },
            "source": "composite",
            "source-layer": "hillshade",
            "filter": [
                "==",
                "level",
                67
            ],
            "layout": {
                "visibility": "visible"
            },
            "paint": {
                "fill-color": "#d6d6d6",
                "fill-opacity": 1
            }
        },
        {
            "id": "hillshade_shadow_extreme",
            "type": "fill",
            "metadata": {
                "mapbox:group": "1444855815295.714"
            },
            "source": "composite",
            "source-layer": "hillshade",
            "maxzoom": 17,
            "filter": [
                "==",
                "level",
                56
            ],
            "layout": {
                "visibility": "visible"
            },
            "paint": {
                "fill-color": "#cecece",
                "fill-opacity": 1
            }
        },
        {
            "id": "waterway-river-canal-shadow",
            "type": "line",
            "metadata": {
                "mapbox:group": "0b4754005ac38b8fd7d12b098f3d9f9c"
            },
            "source": "composite",
            "source-layer": "waterway",
            "minzoom": 8,
            "filter": [
                "in",
                "class",
                "canal",
                "river"
            ],
            "layout": {
                "line-cap": {
                    "base": 1,
                    "stops": [
                        [
                            0,
                            "butt"
                        ],
                        [
                            11,
                            "round"
                        ]
                    ]
                },
                "line-join": "round",
                "visibility": "none"
            },
            "paint": {
                "line-color": "hsl(0, 0%, 100%)",
                "line-width": {
                    "base": 1.3,
                    "stops": [
                        [
                            8.5,
                            0.4
                        ],
                        [
                            20,
                            8
                        ]
                    ]
                },
                "line-opacity": {
                    "base": 1,
                    "stops": [
                        [
                            8,
                            0
                        ],
                        [
                            8.5,
                            1
                        ]
                    ]
                },
                "line-translate": {
                    "base": 1.2,
                    "stops": [
                        [
                            7,
                            [
                                0,
                                0
                            ]
                        ],
                        [
                            16,
                            [
                                -1,
                                -1
                            ]
                        ]
                    ]
                },
                "line-translate-anchor": "viewport"
            }
        },
        {
            "id": "waterway-river-canal",
            "type": "line",
            "metadata": {
                "mapbox:group": "0b4754005ac38b8fd7d12b098f3d9f9c"
            },
            "source": "composite",
            "source-layer": "waterway",
            "minzoom": 8,
            "filter": [
                "in",
                "class",
                "canal",
                "river"
            ],
            "layout": {
                "line-cap": {
                    "base": 1,
                    "stops": [
                        [
                            0,
                            "butt"
                        ],
                        [
                            11,
                            "round"
                        ]
                    ]
                },
                "line-join": "round",
                "visibility": "none"
            },
            "paint": {
                "line-color": "hsl(0, 0%, 100%)",
                "line-width": {
                    "base": 1.3,
                    "stops": [
                        [
                            8.5,
                            0.4
                        ],
                        [
                            20,
                            8
                        ]
                    ]
                },
                "line-opacity": {
                    "base": 1,
                    "stops": [
                        [
                            8,
                            0
                        ],
                        [
                            8.5,
                            1
                        ]
                    ]
                }
            }
        },
        {
            "id": "waterway-small",
            "type": "line",
            "metadata": {
                "mapbox:group": "0b4754005ac38b8fd7d12b098f3d9f9c"
            },
            "source": "composite",
            "source-layer": "waterway",
            "minzoom": 13,
            "filter": [
                "!in",
                "class",
                "canal",
                "river"
            ],
            "layout": {
                "line-join": "round",
                "line-cap": "round",
                "visibility": "none"
            },
            "paint": {
                "line-color": "hsl(0, 0%, 100%)",
                "line-width": {
                    "base": 1.35,
                    "stops": [
                        [
                            13.5,
                            0.4
                        ],
                        [
                            20,
                            3
                        ]
                    ]
                },
                "line-opacity": {
                    "base": 1,
                    "stops": [
                        [
                            13,
                            0
                        ],
                        [
                            13.5,
                            1
                        ]
                    ]
                }
            }
        },
        {
            "id": "water",
            "type": "fill",
            "metadata": {
                "mapbox:group": "0b4754005ac38b8fd7d12b098f3d9f9c"
            },
            "source": "composite",
            "source-layer": "water",
            "layout": {
                "visibility": "none"
            },
            "paint": {
                "fill-color": "hsl(0, 0%, 100%)"
            }
        },
        {
            "id": "wetlands",
            "type": "fill",
            "metadata": {
                "mapbox:group": "0b4754005ac38b8fd7d12b098f3d9f9c"
            },
            "source": "composite",
            "source-layer": "landuse_overlay",
            "filter": [
                "in",
                "class",
                "wetland",
                "wetland_noveg"
            ],
            "layout": {
                "visibility": "none"
            },
            "paint": {
                "fill-color": "hsl(0, 0%, 100%)",
                "fill-opacity": {
                    "base": 1,
                    "stops": [
                        [
                            10,
                            0.25
                        ],
                        [
                            10.5,
                            0.15
                        ]
                    ]
                }
            }
        },
        {
            "id": "wetlands-pattern",
            "type": "fill",
            "metadata": {
                "mapbox:group": "0b4754005ac38b8fd7d12b098f3d9f9c"
            },
            "source": "composite",
            "source-layer": "landuse_overlay",
            "filter": [
                "in",
                "class",
                "wetland",
                "wetland_noveg"
            ],
            "layout": {
                "visibility": "none"
            },
            "paint": {
                "fill-color": "hsl(185, 43%, 74%)",
                "fill-opacity": {
                    "base": 1,
                    "stops": [
                        [
                            10,
                            0
                        ],
                        [
                            10.5,
                            1
                        ]
                    ]
                },
                "fill-pattern": "wetland",
                "fill-translate-anchor": "viewport"
            }
        }
    ],
    "created": "2017-09-08T13:24:19.186Z",
    "id": "cj7bwy2c1aiwz2smktyoxxlia",
    "modified": "2017-12-04T16:20:43.141Z",
    "owner": "guardian",
    "visibility": "private",
    "draft": false
}